length,breadth
251.254432796717,251.254432796717
